"OriginalPath","OriginalName","NewName","NewPath","Directory","Status","Error","Timestamp","SafetyCategory"
"D:\DigiFloat\LawChronicle\AUTHCONTEXT_IMPLEMENTATION.md","AUTHCONTEXT_IMPLEMENTATION.md","AUTHCONTEXT-IMPLEMENTATION.md","D:\DigiFloat\LawChronicle\AUTHCONTEXT-IMPLEMENTATION.md","D:\DigiFloat\LawChronicle","SUCCESS","","2025-08-19 15:44:38","DOCUMENTATION"
"D:\DigiFloat\LawChronicle\AUTHENTICATION_IMPROVEMENTS.md","AUTHENTICATION_IMPROVEMENTS.md","AUTHENTICATION-IMPROVEMENTS.md","D:\DigiFloat\LawChronicle\AUTHENTICATION-IMPROVEMENTS.md","D:\DigiFloat\LawChronicle","SUCCESS","","2025-08-19 15:44:38","DOCUMENTATION"
"D:\DigiFloat\LawChronicle\DATE_SEARCH_IMPLEMENTATION.md","DATE_SEARCH_IMPLEMENTATION.md","DATE-SEARCH-IMPLEMENTATION.md","D:\DigiFloat\LawChronicle\DATE-SEARCH-IMPLEMENTATION.md","D:\DigiFloat\LawChronicle","SUCCESS","","2025-08-19 15:44:38","DOCUMENTATION"
"D:\DigiFloat\LawChronicle\PAGINATION_FIX_SUMMARY.md","PAGINATION_FIX_SUMMARY.md","PAGINATION-FIX-SUMMARY.md","D:\DigiFloat\LawChronicle\PAGINATION-FIX-SUMMARY.md","D:\DigiFloat\LawChronicle","SUCCESS","","2025-08-19 15:44:38","DOCUMENTATION"
"D:\DigiFloat\LawChronicle\PHASE2_COMPLETION_SUMMARY.md","PHASE2_COMPLETION_SUMMARY.md","PHASE2-COMPLETION-SUMMARY.md","D:\DigiFloat\LawChronicle\PHASE2-COMPLETION-SUMMARY.md","D:\DigiFloat\LawChronicle","SUCCESS","","2025-08-19 15:44:38","DOCUMENTATION"
"D:\DigiFloat\LawChronicle\PHASE2_ENHANCEMENTS.md","PHASE2_ENHANCEMENTS.md","PHASE2-ENHANCEMENTS.md","D:\DigiFloat\LawChronicle\PHASE2-ENHANCEMENTS.md","D:\DigiFloat\LawChronicle","SUCCESS","","2025-08-19 15:44:38","DOCUMENTATION"
"D:\DigiFloat\LawChronicle\PHASE2_REFACTOR_CHANGELOG.md","PHASE2_REFACTOR_CHANGELOG.md","PHASE2-REFACTOR-CHANGELOG.md","D:\DigiFloat\LawChronicle\PHASE2-REFACTOR-CHANGELOG.md","D:\DigiFloat\LawChronicle","SUCCESS","","2025-08-19 15:44:38","DOCUMENTATION"
"D:\DigiFloat\LawChronicle\backend\PHASE2_API_DOCUMENTATION.md","PHASE2_API_DOCUMENTATION.md","PHASE2-API-DOCUMENTATION.md","D:\DigiFloat\LawChronicle\backend\PHASE2-API-DOCUMENTATION.md","D:\DigiFloat\LawChronicle\backend","SUCCESS","","2025-08-19 15:44:38","DOCUMENTATION"
"D:\DigiFloat\LawChronicle\backend\test_actual_service.py","test_actual_service.py","test-actual-service.py","D:\DigiFloat\LawChronicle\backend\test-actual-service.py","D:\DigiFloat\LawChronicle\backend","SUCCESS","","2025-08-19 15:44:38","TEST_FILE"
"D:\DigiFloat\LawChronicle\backend\test_batch_detection.py","test_batch_detection.py","test-batch-detection.py","D:\DigiFloat\LawChronicle\backend\test-batch-detection.py","D:\DigiFloat\LawChronicle\backend","SUCCESS","","2025-08-19 15:44:38","TEST_FILE"
"D:\DigiFloat\LawChronicle\backend\test_collections.py","test_collections.py","test-collections.py","D:\DigiFloat\LawChronicle\backend\test-collections.py","D:\DigiFloat\LawChronicle\backend","SUCCESS","","2025-08-19 15:44:38","TEST_FILE"
"D:\DigiFloat\LawChronicle\backend\test_db_connection.py","test_db_connection.py","test-db-connection.py","D:\DigiFloat\LawChronicle\backend\test-db-connection.py","D:\DigiFloat\LawChronicle\backend","SUCCESS","","2025-08-19 15:44:38","TEST_FILE"
"D:\DigiFloat\LawChronicle\backend\test_db_write.py","test_db_write.py","test-db-write.py","D:\DigiFloat\LawChronicle\backend\test-db-write.py","D:\DigiFloat\LawChronicle\backend","SUCCESS","","2025-08-19 15:44:38","TEST_FILE"
"D:\DigiFloat\LawChronicle\backend\test_frontend_params.py","test_frontend_params.py","test-frontend-params.py","D:\DigiFloat\LawChronicle\backend\test-frontend-params.py","D:\DigiFloat\LawChronicle\backend","SUCCESS","","2025-08-19 15:44:38","TEST_FILE"
"D:\DigiFloat\LawChronicle\backend\test_merge_logic.py","test_merge_logic.py","test-merge-logic.py","D:\DigiFloat\LawChronicle\backend\test-merge-logic.py","D:\DigiFloat\LawChronicle\backend","SUCCESS","","2025-08-19 15:44:38","TEST_FILE"
"D:\DigiFloat\LawChronicle\backend\test_minimal_processing.py","test_minimal_processing.py","test-minimal-processing.py","D:\DigiFloat\LawChronicle\backend\test-minimal-processing.py","D:\DigiFloat\LawChronicle\backend","SUCCESS","","2025-08-19 15:44:38","TEST_FILE"
"D:\DigiFloat\LawChronicle\backend\test_new_endpoints.py","test_new_endpoints.py","test-new-endpoints.py","D:\DigiFloat\LawChronicle\backend\test-new-endpoints.py","D:\DigiFloat\LawChronicle\backend","SUCCESS","","2025-08-19 15:44:38","TEST_FILE"
"D:\DigiFloat\LawChronicle\backend\test_normalization_fix.py","test_normalization_fix.py","test-normalization-fix.py","D:\DigiFloat\LawChronicle\backend\test-normalization-fix.py","D:\DigiFloat\LawChronicle\backend","SUCCESS","","2025-08-19 15:44:39","TEST_FILE"
"D:\DigiFloat\LawChronicle\backend\test_phase2_endpoints.py","test_phase2_endpoints.py","test-phase2-endpoints.py","D:\DigiFloat\LawChronicle\backend\test-phase2-endpoints.py","D:\DigiFloat\LawChronicle\backend","SUCCESS","","2025-08-19 15:44:39","TEST_FILE"
"D:\DigiFloat\LawChronicle\backend\test_phase2_filters.py","test_phase2_filters.py","test-phase2-filters.py","D:\DigiFloat\LawChronicle\backend\test-phase2-filters.py","D:\DigiFloat\LawChronicle\backend","SUCCESS","","2025-08-19 15:44:39","TEST_FILE"
"D:\DigiFloat\LawChronicle\backend\tests\test_api_endpoints.py","test_api_endpoints.py","test-api-endpoints.py","D:\DigiFloat\LawChronicle\backend\tests\test-api-endpoints.py","D:\DigiFloat\LawChronicle\backend\tests","SUCCESS","","2025-08-19 15:44:39","TEST_FILE"
"D:\DigiFloat\LawChronicle\backend\tests\test_phase4_jobs.py","test_phase4_jobs.py","test-phase4-jobs.py","D:\DigiFloat\LawChronicle\backend\tests\test-phase4-jobs.py","D:\DigiFloat\LawChronicle\backend\tests","SUCCESS","","2025-08-19 15:44:39","TEST_FILE"
"D:\DigiFloat\LawChronicle\backend\tests\test_service_integration.py","test_service_integration.py","test-service-integration.py","D:\DigiFloat\LawChronicle\backend\tests\test-service-integration.py","D:\DigiFloat\LawChronicle\backend\tests","SUCCESS","","2025-08-19 15:44:39","TEST_FILE"
"D:\DigiFloat\LawChronicle\backend\tests\unit\test_normalization_service.py","test_normalization_service.py","test-normalization-service.py","D:\DigiFloat\LawChronicle\backend\tests\unit\test-normalization-service.py","D:\DigiFloat\LawChronicle\backend\tests\unit","SUCCESS","","2025-08-19 15:44:39","TEST_FILE"
"D:\DigiFloat\LawChronicle\backend\tests\unit\test_section_service.py","test_section_service.py","test-section-service.py","D:\DigiFloat\LawChronicle\backend\tests\unit\test-section-service.py","D:\DigiFloat\LawChronicle\backend\tests\unit","SUCCESS","","2025-08-19 15:44:39","TEST_FILE"
"D:\DigiFloat\LawChronicle\backend\tools\call_start_field_cleaning.py","call_start_field_cleaning.py","tool-call-start-field-cleaning.py","D:\DigiFloat\LawChronicle\backend\tools\tool-call-start-field-cleaning.py","D:\DigiFloat\LawChronicle\backend\tools","SUCCESS","","2025-08-19 15:44:39","BACKEND_TOOL"
"D:\DigiFloat\LawChronicle\backend\tools\check_gilgit_validation.py","check_gilgit_validation.py","tool-check-gilgit-validation.py","D:\DigiFloat\LawChronicle\backend\tools\tool-check-gilgit-validation.py","D:\DigiFloat\LawChronicle\backend\tools","SUCCESS","","2025-08-19 15:44:39","BACKEND_TOOL"
"D:\DigiFloat\LawChronicle\backend\tools\field_cleaning_dryrun.py","field_cleaning_dryrun.py","tool-field-cleaning-dryrun.py","D:\DigiFloat\LawChronicle\backend\tools\tool-field-cleaning-dryrun.py","D:\DigiFloat\LawChronicle\backend\tools","SUCCESS","","2025-08-19 15:44:39","BACKEND_TOOL"
"D:\DigiFloat\LawChronicle\backend\tools\sample_preamble_removals.py","sample_preamble_removals.py","tool-sample-preamble-removals.py","D:\DigiFloat\LawChronicle\backend\tools\tool-sample-preamble-removals.py","D:\DigiFloat\LawChronicle\backend\tools","SUCCESS","","2025-08-19 15:44:39","BACKEND_TOOL"
"D:\DigiFloat\LawChronicle\backend\tools\test_preamble_dedupe.py","test_preamble_dedupe.py","test-preamble-dedupe.py","D:\DigiFloat\LawChronicle\backend\tools\test-preamble-dedupe.py","D:\DigiFloat\LawChronicle\backend\tools","SUCCESS","","2025-08-19 15:44:39","BACKEND_TOOL"
"D:\DigiFloat\LawChronicle\docs\audits\2025-08-12-code-audit.md","2025-08-12-code-audit.md","doc-audit-2025-08-12.md","D:\DigiFloat\LawChronicle\docs\audits\doc-audit-2025-08-12.md","D:\DigiFloat\LawChronicle\docs\audits","SUCCESS","","2025-08-19 15:44:39","DOCUMENTATION"
"D:\DigiFloat\LawChronicle\docs\audits\2025-08-12-implementation-summary.md","2025-08-12-implementation-summary.md","doc-summary-2025-08-12.md","D:\DigiFloat\LawChronicle\docs\audits\doc-summary-2025-08-12.md","D:\DigiFloat\LawChronicle\docs\audits","SUCCESS","","2025-08-19 15:44:39","DOCUMENTATION"
"D:\DigiFloat\LawChronicle\references\04_date_processing\config_ai_extractor.json","config_ai_extractor.json","config-ai-extractor.json","D:\DigiFloat\LawChronicle\references\04_date_processing\config-ai-extractor.json","D:\DigiFloat\LawChronicle\references\04_date_processing","SUCCESS","","2025-08-19 15:44:39","REFERENCE_CONFIG"
"D:\DigiFloat\LawChronicle\references\04_date_processing\config_search_dates.json","config_search_dates.json","config-search-dates.json","D:\DigiFloat\LawChronicle\references\04_date_processing\config-search-dates.json","D:\DigiFloat\LawChronicle\references\04_date_processing","SUCCESS","","2025-08-19 15:44:39","REFERENCE_CONFIG"
"D:\DigiFloat\LawChronicle\references\04_date_processing\README_AI_Date_Extractor.md","README_AI_Date_Extractor.md","README-AI-Date-Extractor.md","D:\DigiFloat\LawChronicle\references\04_date_processing\README-AI-Date-Extractor.md","D:\DigiFloat\LawChronicle\references\04_date_processing","SUCCESS","","2025-08-19 15:44:39","DOCUMENTATION"
"D:\DigiFloat\LawChronicle\references\05_statute_versioning\config_assign_versions.json","config_assign_versions.json","config-assign-versions.json","D:\DigiFloat\LawChronicle\references\05_statute_versioning\config-assign-versions.json","D:\DigiFloat\LawChronicle\references\05_statute_versioning","SUCCESS","","2025-08-19 15:44:39","REFERENCE_CONFIG"
"D:\DigiFloat\LawChronicle\references\05_statute_versioning\config_group_statutes.json","config_group_statutes.json","config-group-statutes.json","D:\DigiFloat\LawChronicle\references\05_statute_versioning\config-group-statutes.json","D:\DigiFloat\LawChronicle\references\05_statute_versioning","SUCCESS","","2025-08-19 15:44:39","REFERENCE_CONFIG"
"D:\DigiFloat\LawChronicle\references\05_statute_versioning\README_versioning.md","README_versioning.md","README-versioning.md","D:\DigiFloat\LawChronicle\references\05_statute_versioning\README-versioning.md","D:\DigiFloat\LawChronicle\references\05_statute_versioning","SUCCESS","","2025-08-19 15:44:39","DOCUMENTATION"
"D:\DigiFloat\LawChronicle\references\06_section_versioning\README_section_versioning.md","README_section_versioning.md","README-section-versioning.md","D:\DigiFloat\LawChronicle\references\06_section_versioning\README-section-versioning.md","D:\DigiFloat\LawChronicle\references\06_section_versioning","SUCCESS","","2025-08-19 15:44:39","DOCUMENTATION"
"D:\DigiFloat\LawChronicle\references\docs\CONSOLIDATION_VALIDATION_GUIDE.md","CONSOLIDATION_VALIDATION_GUIDE.md","CONSOLIDATION-VALIDATION-GUIDE.md","D:\DigiFloat\LawChronicle\references\docs\CONSOLIDATION-VALIDATION-GUIDE.md","D:\DigiFloat\LawChronicle\references\docs","SUCCESS","","2025-08-19 15:44:39","DOCUMENTATION"
"D:\DigiFloat\LawChronicle\references\docs\data_pipeline_architecture.md","data_pipeline_architecture.md","data-pipeline-architecture.md","D:\DigiFloat\LawChronicle\references\docs\data-pipeline-architecture.md","D:\DigiFloat\LawChronicle\references\docs","SUCCESS","","2025-08-19 15:44:39","DOCUMENTATION"
"D:\DigiFloat\LawChronicle\references\docs\INTEGRATION_GUIDE.md","INTEGRATION_GUIDE.md","INTEGRATION-GUIDE.md","D:\DigiFloat\LawChronicle\references\docs\INTEGRATION-GUIDE.md","D:\DigiFloat\LawChronicle\references\docs","SUCCESS","","2025-08-19 15:44:39","DOCUMENTATION"
"D:\DigiFloat\LawChronicle\references\docs\INTELLIGENT_GROUPING_EXECUTIVE_SUMMARY.md","INTELLIGENT_GROUPING_EXECUTIVE_SUMMARY.md","INTELLIGENT-GROUPING-EXECUTIVE-SUMMARY.md","D:\DigiFloat\LawChronicle\references\docs\INTELLIGENT-GROUPING-EXECUTIVE-SUMMARY.md","D:\DigiFloat\LawChronicle\references\docs","SUCCESS","","2025-08-19 15:44:39","DOCUMENTATION"
"D:\DigiFloat\LawChronicle\references\docs\INTELLIGENT_GROUPING_TECHNICAL_IMPLEMENTATION.md","INTELLIGENT_GROUPING_TECHNICAL_IMPLEMENTATION.md","INTELLIGENT-GROUPING-TECHNICAL-IMPLEMENTATION.md","D:\DigiFloat\LawChronicle\references\docs\INTELLIGENT-GROUPING-TECHNICAL-IMPLEMENTATION.md","D:\DigiFloat\LawChronicle\references\docs","SUCCESS","","2025-08-19 15:44:39","DOCUMENTATION"
"D:\DigiFloat\LawChronicle\references\docs\LAWCHRONICLE_COMPREHENSIVE_PIPELINE.md","LAWCHRONICLE_COMPREHENSIVE_PIPELINE.md","LAWCHRONICLE-COMPREHENSIVE-PIPELINE.md","D:\DigiFloat\LawChronicle\references\docs\LAWCHRONICLE-COMPREHENSIVE-PIPELINE.md","D:\DigiFloat\LawChronicle\references\docs","SUCCESS","","2025-08-19 15:44:39","DOCUMENTATION"
"D:\DigiFloat\LawChronicle\references\docs\LAWCHRONICLE_PIPELINE_FLOW.md","LAWCHRONICLE_PIPELINE_FLOW.md","LAWCHRONICLE-PIPELINE-FLOW.md","D:\DigiFloat\LawChronicle\references\docs\LAWCHRONICLE-PIPELINE-FLOW.md","D:\DigiFloat\LawChronicle\references\docs","SUCCESS","","2025-08-19 15:44:39","DOCUMENTATION"
"D:\DigiFloat\LawChronicle\references\docs\LAWCHRONICLE_TECHNICAL_INTERVIEW_PREPARATION.md","LAWCHRONICLE_TECHNICAL_INTERVIEW_PREPARATION.md","LAWCHRONICLE-TECHNICAL-INTERVIEW-PREPARATION.md","D:\DigiFloat\LawChronicle\references\docs\LAWCHRONICLE-TECHNICAL-INTERVIEW-PREPARATION.md","D:\DigiFloat\LawChronicle\references\docs","SUCCESS","","2025-08-19 15:44:39","DOCUMENTATION"
"D:\DigiFloat\LawChronicle\references\docs\PROJECT_DESCRIPTION_AMENDED.md","PROJECT_DESCRIPTION_AMENDED.md","PROJECT-DESCRIPTION-AMENDED.md","D:\DigiFloat\LawChronicle\references\docs\PROJECT-DESCRIPTION-AMENDED.md","D:\DigiFloat\LawChronicle\references\docs","SUCCESS","","2025-08-19 15:44:39","DOCUMENTATION"
"D:\DigiFloat\LawChronicle\references\gui\config_grouped_db_creator.json","config_grouped_db_creator.json","config-grouped-db-creator.json","D:\DigiFloat\LawChronicle\references\gui\config-grouped-db-creator.json","D:\DigiFloat\LawChronicle\references\gui","SUCCESS","","2025-08-19 15:44:39","REFERENCE_CONFIG"
"D:\DigiFloat\LawChronicle\references\gui\config_intelligent_grouping.json","config_intelligent_grouping.json","config-intelligent-grouping.json","D:\DigiFloat\LawChronicle\references\gui\config-intelligent-grouping.json","D:\DigiFloat\LawChronicle\references\gui","SUCCESS","","2025-08-19 15:44:39","REFERENCE_CONFIG"
"D:\DigiFloat\LawChronicle\references\gui\config_section_splitting.json","config_section_splitting.json","config-section-splitting.json","D:\DigiFloat\LawChronicle\references\gui\config-section-splitting.json","D:\DigiFloat\LawChronicle\references\gui","SUCCESS","","2025-08-19 15:44:39","REFERENCE_CONFIG"
"D:\DigiFloat\LawChronicle\references\gui\config_section_versioning.json","config_section_versioning.json","config-section-versioning.json","D:\DigiFloat\LawChronicle\references\gui\config-section-versioning.json","D:\DigiFloat\LawChronicle\references\gui","SUCCESS","","2025-08-19 15:44:39","REFERENCE_CONFIG"
"D:\DigiFloat\LawChronicle\references\gui\config_statute_grouping.json","config_statute_grouping.json","config-statute-grouping.json","D:\DigiFloat\LawChronicle\references\gui\config-statute-grouping.json","D:\DigiFloat\LawChronicle\references\gui","SUCCESS","","2025-08-19 15:44:39","REFERENCE_CONFIG"
"D:\DigiFloat\LawChronicle\references\gui\config_statute_versioning.json","config_statute_versioning.json","config-statute-versioning.json","D:\DigiFloat\LawChronicle\references\gui\config-statute-versioning.json","D:\DigiFloat\LawChronicle\references\gui","SUCCESS","","2025-08-19 15:44:39","REFERENCE_CONFIG"
"D:\DigiFloat\LawChronicle\references\gui\README_INTELLIGENT_GROUPING.md","README_INTELLIGENT_GROUPING.md","README-INTELLIGENT-GROUPING.md","D:\DigiFloat\LawChronicle\references\gui\README-INTELLIGENT-GROUPING.md","D:\DigiFloat\LawChronicle\references\gui","SUCCESS","","2025-08-19 15:44:39","DOCUMENTATION"
